<?xml version="1.0" encoding="UTF-8"?>
<!-- collection of objects -->
<beans xmlns = "http://www.springframework.org/schema/beans"
   xmlns:xsi = "http://www.w3.org/2001/XMLSchema-instance"
   xsi:schemaLocation = "http://www.springframework.org/schema/beans
   http://www.springframework.org/schema/beans/spring-beans-3.0.xsd">

	<bean id="id" class="com.example.Student"></bean>
	
	<bean id="dao" class="com.example.StudentDAO">
		<property name="temp" ref="tempref"></property>
	</bean>
	
	<!-- HibernateTemplate Ref -->
	<bean id="tempref" class="org.springframework.orm.hibernate3.HibernateTemplate">
		<property name="sessionFactory" ref="Sessfref"></property>
	</bean>
		
	<!-- session factory -->
	<bean id="Sessfref" class="org.springframework.orm.hibernate3.annotation.AnnotationSessionFactoryBean">
		<property name="dataSource" ref="ds"></property>
		<property name="packagesToScan" value="com.example"></property>
		<property name="hibernateProperties">
			<props>
				<prop key="hibernate.dialect">org.hibernate.dialect.MySQLDialect</prop>
				<prop key="hibernate.hbm2ddl.auto">update</prop>
				<prop key="hibernate.show_sql">true</prop>
			</props>
		</property>
	</bean>
	
	<!-- datasource -->   
	<bean id="ds" class="org.apache.commons.dbcp.BasicDataSource">
		<property name="driverClassName" value="com.mysql.jdbc.Driver"></property>
		<property name="url" value="jdbc:mysql://localhost:3306/db5"></property>
		<property name="username" value="root"></property>
		<property name="password" value="1234"></property>
	</bean>   
    
</beans>
