<?xml version="1.0" encoding="UTF-8"?>

<beans xmlns = "http://www.springframework.org/schema/beans"
   xmlns:xsi = "http://www.w3.org/2001/XMLSchema-instance"
   xsi:schemaLocation = "http://www.springframework.org/schema/beans
   http://www.springframework.org/schema/beans/spring-beans-3.0.xsd">
    <bean id="jspViewResolver"
        class="org.springframework.web.servlet.view.InternalResourceViewResolver">
        <property name="viewClass"
            value="org.springframework.web.servlet.view.JstlView"></property>
        <property name="prefix" value="/WEB-INF/view/"></property>
        <property name="suffix" value=".jsp"></property>
    </bean>
    <bean id="messageSource"
        class="org.springframework.context.support.ReloadableResourceBundleMessageSource">
        <property name="basename" value="classpath:messages"></property>
        <property name="defaultEncoding" value="UTF-8"></property>
    </bean>

    <bean id = "startEventHandler" class = "com.ecommerce.beans.StartEventHandler"/>
   <bean id = "stopEventHandler" class = "com.ecommerce.beans.StopEventHandler"/>
   
    <bean id = "customEventListener" class = "com.ecommerce.beans.CustomEventListener"/>
    <bean id = "customEventPublisher" class = "com.ecommerce.beans.CustomEventPublisher"/>

    
    
</beans>
